<keymap version="1" name="Windows copy" parent="$default">
  <action id="CollapseAll">
    <keyboard-shortcut first-keystroke="ctrl minus" />
  </action>
  <action id="CollapseExpandableComponent">
    <keyboard-shortcut first-keystroke="shift enter" />
    <keyboard-shortcut first-keystroke="ctrl minus" />
  </action>
  <action id="CollapseRegion">
    <keyboard-shortcut first-keystroke="ctrl minus" />
  </action>
  <action id="EditorDecreaseFontSize">
    <keyboard-shortcut first-keystroke="ctrl subtract" />
  </action>
  <action id="EditorIncreaseFontSize">
    <keyboard-shortcut first-keystroke="ctrl add" />
  </action>
  <action id="ExpandAll">
    <keyboard-shortcut first-keystroke="ctrl equals" />
  </action>
  <action id="ExpandExpandableComponent">
    <keyboard-shortcut first-keystroke="shift enter" />
    <keyboard-shortcut first-keystroke="ctrl equals" />
  </action>
  <action id="ExpandRegion">
    <keyboard-shortcut first-keystroke="ctrl equals" />
  </action>
  <action id="ExternalSystem.CollapseAll">
    <keyboard-shortcut first-keystroke="ctrl minus" />
  </action>
  <action id="ExternalSystem.ExpandAll">
    <keyboard-shortcut first-keystroke="ctrl equals" />
  </action>
  <action id="Images.Editor.ZoomIn">
    <keyboard-shortcut first-keystroke="ctrl equals" />
  </action>
  <action id="Images.Editor.ZoomOut">
    <keyboard-shortcut first-keystroke="ctrl minus" />
  </action>
  <action id="ProblemsView.CollapseAll">
    <keyboard-shortcut first-keystroke="ctrl minus" />
  </action>
  <action id="ProblemsView.ExpandAll">
    <keyboard-shortcut first-keystroke="ctrl equals" />
  </action>
</keymap>